{
    "caption": "1boy, male_focus, solo, tattoo, facial_hair, flaccid, nude, beard, male_pubic_hair, nipples, completely_nude, full_body, realistic, penis, navel, testicles, short_hair, pubic_hair, uncensored, black_hair, standing, arm_tattoo, simple_background, pectorals, leg_hair, white_background, chest_hair, muscular_male, mature_male, barefoot, looking_at_viewer, bara, muscular, navel_hair",
    "tags": "1boy, male focus, solo, tattoo, facial hair, flaccid, nude, beard, male pubic hair, nipples, completely nude, full body, realistic, penis, navel, testicles, short hair, pubic hair, uncensored, black hair, standing, arm tattoo, simple background, pectorals, leg hair, white background, chest hair, muscular male, mature male, barefoot, looking at viewer, bara, muscular, navel hair",
    "ratings": {
        "general": 0.013033818453550339,
        "sensitive": 0.02122187614440918,
        "questionable": 0.011825283989310265,
        "explicit": 0.938435971736908
    },
    "character_tags": {},
    "general_tags": {
        "1boy": 0.9916069507598877,
        "male_focus": 0.9843565821647644,
        "solo": 0.9803255200386047,
        "tattoo": 0.9571153521537781,
        "facial_hair": 0.9533469080924988,
        "flaccid": 0.9361279606819153,
        "nude": 0.9309217929840088,
        "beard": 0.9033154249191284,
        "male_pubic_hair": 0.8796654939651489,
        "nipples": 0.8730975985527039,
        "completely_nude": 0.8646805286407471,
        "full_body": 0.8640634417533875,
        "realistic": 0.833580732345581,
        "penis": 0.831611156463623,
        "navel": 0.7752757668495178,
        "testicles": 0.7528892755508423,
        "short_hair": 0.741252064704895,
        "pubic_hair": 0.7323024868965149,
        "uncensored": 0.6999267339706421,
        "black_hair": 0.6932826638221741,
        "standing": 0.6886239051818848,
        "arm_tattoo": 0.6633052229881287,
        "simple_background": 0.5990172624588013,
        "pectorals": 0.5924052596092224,
        "leg_hair": 0.5828437805175781,
        "white_background": 0.568745493888855,
        "chest_hair": 0.5610503554344177,
        "muscular_male": 0.5605224370956421,
        "mature_male": 0.47510576248168945,
        "barefoot": 0.4571309983730316,
        "looking_at_viewer": 0.44442757964134216,
        "bara": 0.4417567551136017,
        "muscular": 0.41465702652931213,
        "navel_hair": 0.37947967648506165
    }
}